"item","quantity","part_or_specification","assembly","notes","source"
"PUI microphone capsules","2","AOM-5024L-HD-R","user solder after polarity verification","HOLD physical positive/negative pad identity; buy one first for bench test","https://puiaudio.com/file/specs-AOM-5024L-HD-R.pdf"
"3.5 mm microphone plugs","2","Solderable male TRS plug with strain relief; exact part pending","user solder","Tip signal plus bias; sleeve return; ring NC. Verify lug continuity.","https://www.sameskydevices.com/product/resource/sj1-353xng.pdf"
"Shielded microphone cable","2","1 m flexible shielded mono microphone cable each; no reel initially","user cut and solder","Selected cable part/bend radius/capacitance still need qualification","Quipus engineering selection"
"Microphone puck housings","2","Printed enclosure for9.7mm dia x5mm capsule","user assemble","Acoustic opening on top; capsule isolated from table vibration; mechanical fit pending","https://puiaudio.com/file/specs-AOM-5024L-HD-R.pdf"
"Acoustic protective mesh","2","Nonconductive microphone acoustic mesh pieces; exact material pending","user assemble","HOLD acoustic attenuation/frequency response until tested","Quipus engineering selection"
"Capsule support rings","2","Soft silicone/foam capsule support; acoustic holes unobstructed","user assemble","Keep pad strain and table vibration off capsule","Quipus engineering selection"
"Cable strain relief","2","Grommet/clamp matched to selected cable outer diameter","user assemble","Do not let pull load reach solder pads","Quipus engineering selection"
"Heat shrink","1","Assorted small diameters for two mic leads","user assemble","Fit before soldering; do not heat capsule directly","Quipus engineering selection"
"Retractable microphone reels","0","Deferred detachable accessory","not included","Do not buy generic USB/power reel; no reel required for initial electrical test","Quipus engineering selection"
