Connector,Selected part,Physical contact,Contact name,Net,Assembly note
J1,GCT USB4105-GF-A,A1_B12,GND,GND,"Sixteen mating contacts map to twelve solder tails: A1/B12, A4/B9, B4/A9, B1/A12 share pads. Four shield stakes connect to ground. Pad names below explicitly combine shared contacts; verify the imported CAD footprint uses the same mapping. No external CC Rd resistors."
J1,GCT USB4105-GF-A,A4_B9,VBUS,VBUS_5V,"Sixteen mating contacts map to twelve solder tails: A1/B12, A4/B9, B4/A9, B1/A12 share pads. Four shield stakes connect to ground. Pad names below explicitly combine shared contacts; verify the imported CAD footprint uses the same mapping. No external CC Rd resistors."
J1,GCT USB4105-GF-A,B8,SBU2,NC,"Sixteen mating contacts map to twelve solder tails: A1/B12, A4/B9, B4/A9, B1/A12 share pads. Four shield stakes connect to ground. Pad names below explicitly combine shared contacts; verify the imported CAD footprint uses the same mapping. No external CC Rd resistors."
J1,GCT USB4105-GF-A,A5,CC1,USB_CC1,"Sixteen mating contacts map to twelve solder tails: A1/B12, A4/B9, B4/A9, B1/A12 share pads. Four shield stakes connect to ground. Pad names below explicitly combine shared contacts; verify the imported CAD footprint uses the same mapping. No external CC Rd resistors."
J1,GCT USB4105-GF-A,B7,D-2,USB_DM,"Sixteen mating contacts map to twelve solder tails: A1/B12, A4/B9, B4/A9, B1/A12 share pads. Four shield stakes connect to ground. Pad names below explicitly combine shared contacts; verify the imported CAD footprint uses the same mapping. No external CC Rd resistors."
J1,GCT USB4105-GF-A,A6,D+1,USB_DP,"Sixteen mating contacts map to twelve solder tails: A1/B12, A4/B9, B4/A9, B1/A12 share pads. Four shield stakes connect to ground. Pad names below explicitly combine shared contacts; verify the imported CAD footprint uses the same mapping. No external CC Rd resistors."
J1,GCT USB4105-GF-A,A7,D-1,USB_DM,"Sixteen mating contacts map to twelve solder tails: A1/B12, A4/B9, B4/A9, B1/A12 share pads. Four shield stakes connect to ground. Pad names below explicitly combine shared contacts; verify the imported CAD footprint uses the same mapping. No external CC Rd resistors."
J1,GCT USB4105-GF-A,B6,D+2,USB_DP,"Sixteen mating contacts map to twelve solder tails: A1/B12, A4/B9, B4/A9, B1/A12 share pads. Four shield stakes connect to ground. Pad names below explicitly combine shared contacts; verify the imported CAD footprint uses the same mapping. No external CC Rd resistors."
J1,GCT USB4105-GF-A,A8,SBU1,NC,"Sixteen mating contacts map to twelve solder tails: A1/B12, A4/B9, B4/A9, B1/A12 share pads. Four shield stakes connect to ground. Pad names below explicitly combine shared contacts; verify the imported CAD footprint uses the same mapping. No external CC Rd resistors."
J1,GCT USB4105-GF-A,B5,CC2,USB_CC2,"Sixteen mating contacts map to twelve solder tails: A1/B12, A4/B9, B4/A9, B1/A12 share pads. Four shield stakes connect to ground. Pad names below explicitly combine shared contacts; verify the imported CAD footprint uses the same mapping. No external CC Rd resistors."
J1,GCT USB4105-GF-A,B4_A9,VBUS,VBUS_5V,"Sixteen mating contacts map to twelve solder tails: A1/B12, A4/B9, B4/A9, B1/A12 share pads. Four shield stakes connect to ground. Pad names below explicitly combine shared contacts; verify the imported CAD footprint uses the same mapping. No external CC Rd resistors."
J1,GCT USB4105-GF-A,B1_A12,GND,GND,"Sixteen mating contacts map to twelve solder tails: A1/B12, A4/B9, B4/A9, B1/A12 share pads. Four shield stakes connect to ground. Pad names below explicitly combine shared contacts; verify the imported CAD footprint uses the same mapping. No external CC Rd resistors."
J1,GCT USB4105-GF-A,SH1,SHIELD,GND,"Sixteen mating contacts map to twelve solder tails: A1/B12, A4/B9, B4/A9, B1/A12 share pads. Four shield stakes connect to ground. Pad names below explicitly combine shared contacts; verify the imported CAD footprint uses the same mapping. No external CC Rd resistors."
J1,GCT USB4105-GF-A,SH2,SHIELD,GND,"Sixteen mating contacts map to twelve solder tails: A1/B12, A4/B9, B4/A9, B1/A12 share pads. Four shield stakes connect to ground. Pad names below explicitly combine shared contacts; verify the imported CAD footprint uses the same mapping. No external CC Rd resistors."
J1,GCT USB4105-GF-A,SH3,SHIELD,GND,"Sixteen mating contacts map to twelve solder tails: A1/B12, A4/B9, B4/A9, B1/A12 share pads. Four shield stakes connect to ground. Pad names below explicitly combine shared contacts; verify the imported CAD footprint uses the same mapping. No external CC Rd resistors."
J1,GCT USB4105-GF-A,SH4,SHIELD,GND,"Sixteen mating contacts map to twelve solder tails: A1/B12, A4/B9, B4/A9, B1/A12 share pads. Four shield stakes connect to ground. Pad names below explicitly combine shared contacts; verify the imported CAD footprint uses the same mapping. No external CC Rd resistors."
J2,JST S2B-PH-SM4-TB(LF)(SN) battery,1,PACK+,BAT_PACK_P,"Board-defined pin 1 is positive. Verify pack polarity physically. Protected 1S 2000 mAh pack, standard 4.2 V charge, at least 2 A discharge capability. Swap with device off and USB unplugged."
J2,JST S2B-PH-SM4-TB(LF)(SN) battery,2,PACK-,GND,"Board-defined pin 1 is positive. Verify pack polarity physically. Protected 1S 2000 mAh pack, standard 4.2 V charge, at least 2 A discharge capability. Swap with device off and USB unplugged."
J3,3-pin keyed NTC connector - JST SH family candidate,1,NTC,BAT_NTC,Three positions prevent swapping with the two-position speaker connector. A 10 kOhm 103AT-2 thermistor must be thermally attached to the cell. Do not populate a fixed bypass resistor.
J3,3-pin keyed NTC connector - JST SH family candidate,2,NTC_RETURN,GND,Three positions prevent swapping with the two-position speaker connector. A 10 kOhm 103AT-2 thermistor must be thermally attached to the cell. Do not populate a fixed bypass resistor.
J3,3-pin keyed NTC connector - JST SH family candidate,3,KEY_NC,NC,Three positions prevent swapping with the two-position speaker connector. A 10 kOhm 103AT-2 thermistor must be thermally attached to the cell. Do not populate a fixed bypass resistor.
J6,DM3AT-SF-PEJM5,1,DAT2,SD_D2_PU,"Native 1-bit SDMMC. DAT1/2/3 have 10k pull-ups even though not routed to ESP. Hirose drawing names separate detect contacts A/B, not 9/10; CAD footprint must map those named pads explicitly. Symbol SH represents all shell solder stakes; do not short detect-A to shell through a generic footprint. Detect closes A-B with card inserted. Enclosure must allow ejection travel."
J6,DM3AT-SF-PEJM5,2,CD_DAT3,SD_D3_PU,"Native 1-bit SDMMC. DAT1/2/3 have 10k pull-ups even though not routed to ESP. Hirose drawing names separate detect contacts A/B, not 9/10; CAD footprint must map those named pads explicitly. Symbol SH represents all shell solder stakes; do not short detect-A to shell through a generic footprint. Detect closes A-B with card inserted. Enclosure must allow ejection travel."
J6,DM3AT-SF-PEJM5,3,CMD,SD_CMD,"Native 1-bit SDMMC. DAT1/2/3 have 10k pull-ups even though not routed to ESP. Hirose drawing names separate detect contacts A/B, not 9/10; CAD footprint must map those named pads explicitly. Symbol SH represents all shell solder stakes; do not short detect-A to shell through a generic footprint. Detect closes A-B with card inserted. Enclosure must allow ejection travel."
J6,DM3AT-SF-PEJM5,4,VDD,3V3_SYS,"Native 1-bit SDMMC. DAT1/2/3 have 10k pull-ups even though not routed to ESP. Hirose drawing names separate detect contacts A/B, not 9/10; CAD footprint must map those named pads explicitly. Symbol SH represents all shell solder stakes; do not short detect-A to shell through a generic footprint. Detect closes A-B with card inserted. Enclosure must allow ejection travel."
J6,DM3AT-SF-PEJM5,5,CLK,SD_CLK,"Native 1-bit SDMMC. DAT1/2/3 have 10k pull-ups even though not routed to ESP. Hirose drawing names separate detect contacts A/B, not 9/10; CAD footprint must map those named pads explicitly. Symbol SH represents all shell solder stakes; do not short detect-A to shell through a generic footprint. Detect closes A-B with card inserted. Enclosure must allow ejection travel."
J6,DM3AT-SF-PEJM5,6,VSS,GND,"Native 1-bit SDMMC. DAT1/2/3 have 10k pull-ups even though not routed to ESP. Hirose drawing names separate detect contacts A/B, not 9/10; CAD footprint must map those named pads explicitly. Symbol SH represents all shell solder stakes; do not short detect-A to shell through a generic footprint. Detect closes A-B with card inserted. Enclosure must allow ejection travel."
J6,DM3AT-SF-PEJM5,7,DAT0,SD_D0,"Native 1-bit SDMMC. DAT1/2/3 have 10k pull-ups even though not routed to ESP. Hirose drawing names separate detect contacts A/B, not 9/10; CAD footprint must map those named pads explicitly. Symbol SH represents all shell solder stakes; do not short detect-A to shell through a generic footprint. Detect closes A-B with card inserted. Enclosure must allow ejection travel."
J6,DM3AT-SF-PEJM5,8,DAT1,SD_D1_PU,"Native 1-bit SDMMC. DAT1/2/3 have 10k pull-ups even though not routed to ESP. Hirose drawing names separate detect contacts A/B, not 9/10; CAD footprint must map those named pads explicitly. Symbol SH represents all shell solder stakes; do not short detect-A to shell through a generic footprint. Detect closes A-B with card inserted. Enclosure must allow ejection travel."
J6,DM3AT-SF-PEJM5,A,CARD_DETECT_A,SD_CD_N,"Native 1-bit SDMMC. DAT1/2/3 have 10k pull-ups even though not routed to ESP. Hirose drawing names separate detect contacts A/B, not 9/10; CAD footprint must map those named pads explicitly. Symbol SH represents all shell solder stakes; do not short detect-A to shell through a generic footprint. Detect closes A-B with card inserted. Enclosure must allow ejection travel."
J6,DM3AT-SF-PEJM5,B,CARD_DETECT_B,GND,"Native 1-bit SDMMC. DAT1/2/3 have 10k pull-ups even though not routed to ESP. Hirose drawing names separate detect contacts A/B, not 9/10; CAD footprint must map those named pads explicitly. Symbol SH represents all shell solder stakes; do not short detect-A to shell through a generic footprint. Detect closes A-B with card inserted. Enclosure must allow ejection travel."
J6,DM3AT-SF-PEJM5,SH,SHIELD,GND,"Native 1-bit SDMMC. DAT1/2/3 have 10k pull-ups even though not routed to ESP. Hirose drawing names separate detect contacts A/B, not 9/10; CAD footprint must map those named pads explicitly. Symbol SH represents all shell solder stakes; do not short detect-A to shell through a generic footprint. Detect closes A-B with card inserted. Enclosure must allow ejection travel."
J7,B8B-PH-K-S(LF)(SN),1,BL,LCD_BL,"Custom Quipus connector numbering matches Waveshare SKU15867 MODULE J2 PH2.0, not its reversed J1 header. Vendor schematic J2:1BL,2RST,3DC,4CS,5SCK,6DIN,7GND,8VCC. Match signals by continuity, do not assume supplied cable colors/orientation. External module 45x31mm includes ST7789 240x240 and NPN backlight driver; no direct LED-current drive from GPIO."
J7,B8B-PH-K-S(LF)(SN),2,RST,LCD_RST_N,"Custom Quipus connector numbering matches Waveshare SKU15867 MODULE J2 PH2.0, not its reversed J1 header. Vendor schematic J2:1BL,2RST,3DC,4CS,5SCK,6DIN,7GND,8VCC. Match signals by continuity, do not assume supplied cable colors/orientation. External module 45x31mm includes ST7789 240x240 and NPN backlight driver; no direct LED-current drive from GPIO."
J7,B8B-PH-K-S(LF)(SN),3,DC,LCD_DC,"Custom Quipus connector numbering matches Waveshare SKU15867 MODULE J2 PH2.0, not its reversed J1 header. Vendor schematic J2:1BL,2RST,3DC,4CS,5SCK,6DIN,7GND,8VCC. Match signals by continuity, do not assume supplied cable colors/orientation. External module 45x31mm includes ST7789 240x240 and NPN backlight driver; no direct LED-current drive from GPIO."
J7,B8B-PH-K-S(LF)(SN),4,CS,LCD_CS_N,"Custom Quipus connector numbering matches Waveshare SKU15867 MODULE J2 PH2.0, not its reversed J1 header. Vendor schematic J2:1BL,2RST,3DC,4CS,5SCK,6DIN,7GND,8VCC. Match signals by continuity, do not assume supplied cable colors/orientation. External module 45x31mm includes ST7789 240x240 and NPN backlight driver; no direct LED-current drive from GPIO."
J7,B8B-PH-K-S(LF)(SN),5,CLK,LCD_SCLK,"Custom Quipus connector numbering matches Waveshare SKU15867 MODULE J2 PH2.0, not its reversed J1 header. Vendor schematic J2:1BL,2RST,3DC,4CS,5SCK,6DIN,7GND,8VCC. Match signals by continuity, do not assume supplied cable colors/orientation. External module 45x31mm includes ST7789 240x240 and NPN backlight driver; no direct LED-current drive from GPIO."
J7,B8B-PH-K-S(LF)(SN),6,DIN,LCD_MOSI,"Custom Quipus connector numbering matches Waveshare SKU15867 MODULE J2 PH2.0, not its reversed J1 header. Vendor schematic J2:1BL,2RST,3DC,4CS,5SCK,6DIN,7GND,8VCC. Match signals by continuity, do not assume supplied cable colors/orientation. External module 45x31mm includes ST7789 240x240 and NPN backlight driver; no direct LED-current drive from GPIO."
J7,B8B-PH-K-S(LF)(SN),7,GND,GND,"Custom Quipus connector numbering matches Waveshare SKU15867 MODULE J2 PH2.0, not its reversed J1 header. Vendor schematic J2:1BL,2RST,3DC,4CS,5SCK,6DIN,7GND,8VCC. Match signals by continuity, do not assume supplied cable colors/orientation. External module 45x31mm includes ST7789 240x240 and NPN backlight driver; no direct LED-current drive from GPIO."
J7,B8B-PH-K-S(LF)(SN),8,VCC,3V3_SYS,"Custom Quipus connector numbering matches Waveshare SKU15867 MODULE J2 PH2.0, not its reversed J1 header. Vendor schematic J2:1BL,2RST,3DC,4CS,5SCK,6DIN,7GND,8VCC. Match signals by continuity, do not assume supplied cable colors/orientation. External module 45x31mm includes ST7789 240x240 and NPN backlight driver; no direct LED-current drive from GPIO."
J5,SM02B-SRSS-TB,1,SPK+,SPK_P,"Mates SHR-02V-S. Neither pin is ground. Short twisted pair to 8 ohm, 2 W nominal dynamic speaker; exact speaker part pending. Speaker connector intentionally differs from battery series."
J5,SM02B-SRSS-TB,2,SPK-,SPK_N,"Mates SHR-02V-S. Neither pin is ground. Short twisted pair to 8 ohm, 2 W nominal dynamic speaker; exact speaker part pending. Speaker connector intentionally differs from battery series."
J8,SJ1-3533NG,1,SLEEVE,GND,"Manufacturer sheet2 pinmap verified:1 sleeve,2 tip,3 ring. Ring intentionally NC for own mono accessory. No insertion-detect switch. Create/verify exact footprint and1:1 paper fit before fabrication. This is MIC IN, not headphone output."
J8,SJ1-3533NG,2,TIP,MIC1_JACK_TIP,"Manufacturer sheet2 pinmap verified:1 sleeve,2 tip,3 ring. Ring intentionally NC for own mono accessory. No insertion-detect switch. Create/verify exact footprint and1:1 paper fit before fabrication. This is MIC IN, not headphone output."
J8,SJ1-3533NG,3,RING,NC,"Manufacturer sheet2 pinmap verified:1 sleeve,2 tip,3 ring. Ring intentionally NC for own mono accessory. No insertion-detect switch. Create/verify exact footprint and1:1 paper fit before fabrication. This is MIC IN, not headphone output."
J9,SJ1-3533NG,1,SLEEVE,GND,"Manufacturer sheet2 pinmap verified:1 sleeve,2 tip,3 ring. Ring intentionally NC for own mono accessory. No insertion-detect switch. Create/verify exact footprint and1:1 paper fit before fabrication. This is MIC IN, not headphone output."
J9,SJ1-3533NG,2,TIP,MIC2_JACK_TIP,"Manufacturer sheet2 pinmap verified:1 sleeve,2 tip,3 ring. Ring intentionally NC for own mono accessory. No insertion-detect switch. Create/verify exact footprint and1:1 paper fit before fabrication. This is MIC IN, not headphone output."
J9,SJ1-3533NG,3,RING,NC,"Manufacturer sheet2 pinmap verified:1 sleeve,2 tip,3 ring. Ring intentionally NC for own mono accessory. No insertion-detect switch. Create/verify exact footprint and1:1 paper fit before fabrication. This is MIC IN, not headphone output."
