Page,Title
1,"Your first custom Quipus board"
2,"Four microphones, one synchronized capture path"
3,"Changes to the PCB and enclosure"
4,"Core parts to populate on the main PCB"
5,"Connectors, controls and parts outside the PCB"
6,"Voltage domains and charging current"
7,"Connector contact definitions"
8,"Connector contact definitions"
9,"Connector contact definitions"
10,"Audio supply, gain and timing review"
11,"Wired microphone puck: how it is connected"
12,"Analog input circuit and digital channel map"
13,"Order and assembly: the whole process"
14,"First power and first recording checks"
15,"Battery, file size and latency: numbers to test"
16,"How to read the detailed schematic pages"
17,"Circuit 01 / usb charge"
18,"Circuit 02 / usb charge"
19,"Circuit 03 / power control"
20,"Circuit 04 / regulator"
21,"Circuit 05 / gauge"
22,"Circuit 06 / Controller"
23,"Circuit 07 / Controller"
24,"Circuit 08 / Controller"
25,"Circuit 09 / Internal microphones"
26,"Circuit 10 / Speaker amplifier"
27,"Circuit 11 / Four-channel audio capture"
28,"Circuit 12 / External microphone A"
29,"Circuit 13 / External microphone B"
30,"Main-board shopping list / fitted quantities"
31,"Main-board shopping list / fitted quantities"
32,"Main-board shopping list / fitted quantities"
33,"Main-board shopping list / fitted quantities"
34,"Main-board shopping list / fitted quantities"
35,"Primary references and release scope"
36,"Primary references and release scope"