References,Qty fitted per device,Qty fitted for two prototypes,Part or specification,Package,Assembly responsibility,Purchase status,Spare or attrition policy,Primary source
J1,1,2,GCT USB4105-GF-A,"GCT USB4105 PCB-top-mount USB2 receptacle, 0.95 mm shell stakes",Factory reflow recommended,Selected design candidate; footprint and release review pending,Agree factory setup extras; these columns are fitted quantities only,https://gct.co/files/drawings/usb4105.pdf
F1,1,2,Littelfuse 0467002.NRHF 2 A,0603 fuse,Factory reflow recommended,Selected design candidate; footprint and release review pending,Agree factory setup extras; these columns are fitted quantities only,https://www.littelfuse.com/assetdocs/fuse-467-datasheet?assetguid=4a59f034-1cca-460e-a5ba-e1e66247c76d
U2,1,2,BQ24074RGTR,VQFN16 RGT0016 + exposed pad,Factory reflow recommended,Selected design candidate; footprint and release review pending,Agree factory setup extras; these columns are fitted quantities only,https://www.ti.com/lit/ds/symlink/bq24074.pdf
R1,1,2,1.24k 1%,0603,Factory reflow recommended,HOLD - electrical specification selected; qualify exact MPN,Agree factory setup extras; these columns are fitted quantities only,
R2,1,2,2.00k 1%,0603,Factory reflow recommended,HOLD - electrical specification selected; qualify exact MPN,Agree factory setup extras; these columns are fitted quantities only,
R3,1,2,68.0k 1%,0603,Factory reflow recommended,HOLD - electrical specification selected; qualify exact MPN,Agree factory setup extras; these columns are fitted quantities only,
"R4, R5, R8, R9, R10, R11, R12, R14, R18",9,18,100k,0603,Factory reflow recommended,HOLD - electrical specification selected; qualify exact MPN,Agree factory setup extras; these columns are fitted quantities only,
C1,1,2,4.7uF 16V X7R,0805,Factory reflow recommended,HOLD - electrical specification selected; qualify exact MPN,Agree factory setup extras; these columns are fitted quantities only,
"C2, C16",2,4,10uF 10V X7R,0805,Factory reflow recommended,HOLD - electrical specification selected; qualify exact MPN,Agree factory setup extras; these columns are fitted quantities only,
"C3, C17, C18",3,6,22uF 10V X7R,0805,Factory reflow recommended,HOLD - electrical specification selected; qualify exact MPN,Agree factory setup extras; these columns are fitted quantities only,
J2,1,2,JST S2B-PH-SM4-TB(LF)(SN) battery,JST PH 2mm 2-position right angle SMT,Factory reflow recommended,Selected design candidate; footprint and release review pending,Agree factory setup extras; these columns are fitted quantities only,https://www.jst-mfg.com/product/pdf/eng/ePH.pdf
J3,1,2,3-pin keyed NTC connector - JST SH family candidate,1mm SH 3pin exact drawing pending,Factory reflow recommended,HOLD - exact MPN and footprint pending,Agree factory setup extras; these columns are fitted quantities only,https://www.ti.com/lit/ds/symlink/bq24074.pdf
U3,1,2,TUSB320LAIRWBR,X2QFN12 RWB 1.6x1.6mm,Factory reflow recommended,Selected design candidate; footprint and release review pending,Agree factory setup extras; these columns are fitted quantities only,https://www.ti.com/lit/ds/symlink/tusb320lai.pdf
R6,1,2,887k 1%,0603,Factory reflow recommended,HOLD - electrical specification selected; qualify exact MPN,Agree factory setup extras; these columns are fitted quantities only,
"R7, R13, R20, R21, R22, R25",6,12,10k,0603,Factory reflow recommended,HOLD - electrical specification selected; qualify exact MPN,Agree factory setup extras; these columns are fitted quantities only,
"C4, C7, C8, C9, C10, C11, C12, C19",8,16,100nF 10V,0603,Factory reflow recommended,HOLD - electrical specification selected; qualify exact MPN,Agree factory setup extras; these columns are fitted quantities only,
U4,1,2,TLV75533PDBVR,SOT23-5 DBV,Factory reflow recommended,Selected design candidate; footprint and release review pending,Agree factory setup extras; these columns are fitted quantities only,https://www.ti.com/lit/ds/symlink/tlv755p.pdf
"C5, C6, C14, C20",4,8,1uF 10V X7R,0603,Factory reflow recommended,HOLD - electrical specification selected; qualify exact MPN,Agree factory setup extras; these columns are fitted quantities only,
U5,1,2,SN74LVC1G04DBVR,SOT23-5 DBV,Factory reflow recommended,Selected design candidate; footprint and release review pending,Agree factory setup extras; these columns are fitted quantities only,https://www.ti.com/document-viewer/SN74LVC1G04/datasheet/GUID-047EF317-EC05-483E-B17F-7CDF4F4C03DB
U6,1,2,SN74LVC1G08DBVR,SOT23-5 DBV,Factory reflow recommended,Selected design candidate; footprint and release review pending,Agree factory setup extras; these columns are fitted quantities only,https://www.ti.com/lit/ds/symlink/sn74lvc1g08.pdf
"U7, U8",2,4,SN74LVC1G32DBVR,SOT23-5 DBV,Factory reflow recommended,Selected design candidate; footprint and release review pending,Agree factory setup extras; these columns are fitted quantities only,https://www.ti.com/lit/ds/symlink/sn74lvc1g32.pdf
U9,1,2,LTC2951ITS8-1#TRPBF,TSOT23-8 TS8,Factory reflow recommended,Selected design candidate; footprint and release review pending,Agree factory setup extras; these columns are fitted quantities only,https://www.analog.com/media/en/technical-documentation/data-sheets/295112fb.pdf
SW1,1,2,POWER momentary normally-open,physical switch footprint pending,Factory reflow recommended,HOLD - exact MPN and footprint pending,Agree factory setup extras; these columns are fitted quantities only,
C13,1,2,1uF 10V lowleakage X7R,0805,Factory reflow recommended,HOLD - electrical specification selected; qualify exact MPN,Agree factory setup extras; these columns are fitted quantities only,
U10,1,2,TPS22918DBVR,SOT23-6 DBV,Factory reflow recommended,Selected design candidate; footprint and release review pending,Agree factory setup extras; these columns are fitted quantities only,https://www.ti.com/lit/ds/symlink/tps22918.pdf
C15,1,2,10nF 25V X7R,0603,Factory reflow recommended,HOLD - electrical specification selected; qualify exact MPN,Agree factory setup extras; these columns are fitted quantities only,
R15,1,2,100ohm,0603,Factory reflow recommended,HOLD - electrical specification selected; qualify exact MPN,Agree factory setup extras; these columns are fitted quantities only,
U11,1,2,TPS63802DLAR,VSON-HR/HotRod DLA0010A 10-pin 2x3mm,Factory reflow recommended,Selected design candidate; footprint and release review pending,Agree factory setup extras; these columns are fitted quantities only,https://www.ti.com/lit/ds/symlink/tps63802.pdf
L1,1,2,0.47uH Coilcraft XFL4015-471ME,Coilcraft XFL4015,Factory reflow recommended,Selected design candidate; footprint and release review pending,Agree factory setup extras; these columns are fitted quantities only,
R16,1,2,511k 1%,0603,Factory reflow recommended,HOLD - electrical specification selected; qualify exact MPN,Agree factory setup extras; these columns are fitted quantities only,
R17,1,2,91.0k 1%,0603,Factory reflow recommended,HOLD - electrical specification selected; qualify exact MPN,Agree factory setup extras; these columns are fitted quantities only,
U12,1,2,BQ27441DRZR-G1A,VSON12 DRZ0012A 2.5x4 mm + exposed pad,Factory reflow recommended,Selected design candidate; footprint and release review pending,Agree factory setup extras; these columns are fitted quantities only,https://www.ti.com/lit/ds/symlink/bq27441-g1.pdf
R19,1,2,0.010ohm 1% lowTCR 0.25W,0805 sense resistor,Factory reflow recommended,HOLD - electrical specification selected; qualify exact MPN,Agree factory setup extras; these columns are fitted quantities only,
"R23, R24, R26",3,6,1M,0603,Factory reflow recommended,HOLD - electrical specification selected; qualify exact MPN,Agree factory setup extras; these columns are fitted quantities only,
C21,1,2,470nF 6.3V X7R,0603,Factory reflow recommended,HOLD - electrical specification selected; qualify exact MPN,Agree factory setup extras; these columns are fitted quantities only,
U13,1,2,TPD2EUSB30DRTR,SOT-9X3 DRT 3-pin 1x0.8mm body,Factory reflow recommended,Selected design candidate; footprint and release review pending,Agree factory setup extras; these columns are fitted quantities only,https://www.ti.com/lit/ds/symlink/tpd2eusb30.pdf
D1,1,2,TPD1E10B06DYAR,DYA SOD-523,Factory reflow recommended,Selected design candidate; footprint and release review pending,Agree factory setup extras; these columns are fitted quantities only,https://www.ti.com/lit/ds/symlink/tpd1e10b06.pdf
U1,1,2,ESP32-S3-WROOM-1-N16R8,"Espressif WROOM-1 18.0x25.5mm module, 40 castellated pads plus GND pad 41",Factory reflow recommended,Selected design candidate; footprint and release review pending,Agree factory setup extras; these columns are fitted quantities only,https://documentation.espressif.com/esp32-s3-wroom-1_wroom-1u_datasheet_en.pdf
U30,1,2,RV-3028-C7-TA-QC,Micro Crystal C7 3.2x1.5x0.8mm,Factory reflow recommended,Selected design candidate; footprint and release review pending,Agree factory setup extras; these columns are fitted quantities only,https://www.microcrystal.com/fileadmin/Media/Products/RTC/App.Manual/RV-3028-C7_App-Manual.pdf
U31,1,2,PCA9536DR,"TI D SOIC-8 4.9x3.91mm, 1.27mm pitch",Factory reflow recommended,Selected design candidate; footprint and release review pending,Agree factory setup extras; these columns are fitted quantities only,https://www.ti.com/lit/ds/symlink/pca9536.pdf
U34,1,2,TS3USB221ARSER,TI RSE UQFN-10 2.0x1.5mm,Factory reflow recommended,Selected design candidate; footprint and release review pending,Agree factory setup extras; these columns are fitted quantities only,https://www.ti.com/lit/ds/symlink/ts3usb221a.pdf
U35,1,2,TPD2EUSB30DRTR,"TI DRT SOT-3 1.0x0.8mm, 0.50mm maximum height",Factory reflow recommended,Selected design candidate; footprint and release review pending,Agree factory setup extras; these columns are fitted quantities only,https://www.ti.com/lit/ds/symlink/tpd2eusb30.pdf
J6,1,2,DM3AT-SF-PEJM5,Hirose DM3AT push-push microSD top mount,Factory reflow recommended,Selected design candidate; footprint and release review pending,Agree factory setup extras; these columns are fitted quantities only,https://www.hirose.com/product/download/?distributor=chip1&lang=en&num=DM3AT-SF-PEJM5&type=2d
J7,1,2,B8B-PH-K-S(LF)(SN),JST PH 8-position 2.0mm vertical through-hole,Through-hole hand option after practice; factory also possible,Selected design candidate; footprint and release review pending,Agree factory setup extras; these columns are fitted quantities only,https://files.waveshare.com/upload/0/0c/1.3inch_LCD_Module_Schematic.pdf
"R300, R301, R304, R305, R310, R311, R312, R313, R314, R321",10,20,10k,"0603 metric1608, 1%, 0.1W",Factory reflow recommended,HOLD - electrical specification selected; qualify exact MPN,Agree factory setup extras; these columns are fitted quantities only,engineering selection; validate during prototype
C300,1,2,1uF,"0603 metric1608 X7R (except marked C0G), 10V minimum",Factory reflow recommended,HOLD - electrical specification selected; qualify exact MPN,Agree factory setup extras; these columns are fitted quantities only,engineering selection; validate during prototype
"C301, C305, C310",3,6,10uF,"0603 metric1608 X7R (except marked C0G), 10V minimum",Factory reflow recommended,HOLD - electrical specification selected; qualify exact MPN,Agree factory setup extras; these columns are fitted quantities only,engineering selection; validate during prototype
"C302, C306, C311, C320, C321, C330, C340",7,14,100nF,"0603 metric1608 X7R (except marked C0G), 10V minimum",Factory reflow recommended,HOLD - electrical specification selected; qualify exact MPN,Agree factory setup extras; these columns are fitted quantities only,engineering selection; validate during prototype
"R302, R303, R315",3,6,22ohm,"0603 metric1608, 1%, 0.1W",Factory reflow recommended,HOLD - electrical specification selected; qualify exact MPN,Agree factory setup extras; these columns are fitted quantities only,engineering selection; validate during prototype
"C303, C304",0,0,DNP / C0G tuning footprint,"0603 metric1608 X7R (except marked C0G), 10V minimum",Do not populate,DNP - decision pending; do not buy for normal assembly,Agree factory setup extras; these columns are fitted quantities only,engineering selection; validate during prototype
"R306, R307",2,4,33ohm,"0603 metric1608, 1%, 0.1W",Factory reflow recommended,HOLD - electrical specification selected; qualify exact MPN,Agree factory setup extras; these columns are fitted quantities only,engineering selection; validate during prototype
R316,1,2,100k,"0603 metric1608, 1%, 0.1W",Factory reflow recommended,HOLD - electrical specification selected; qualify exact MPN,Agree factory setup extras; these columns are fitted quantities only,engineering selection; validate during prototype
"C312, C331, C332, C333, C334",5,10,10nF,"0603 metric1608 X7R (except marked C0G), 10V minimum",Factory reflow recommended,HOLD - electrical specification selected; qualify exact MPN,Agree factory setup extras; these columns are fitted quantities only,engineering selection; validate during prototype
R320,1,2,330ohm,"0603 metric1608, 1%, 0.1W",Factory reflow recommended,HOLD - electrical specification selected; qualify exact MPN,Agree factory setup extras; these columns are fitted quantities only,engineering selection; validate during prototype
"R330, R331, R332, R333",4,8,47k,"0603 metric1608, 1%, 0.1W",Factory reflow recommended,HOLD - electrical specification selected; qualify exact MPN,Agree factory setup extras; these columns are fitted quantities only,engineering selection; validate during prototype
"R341, R342",2,4,49.9ohm,"0603 metric1608, 1%, 0.1W",Factory reflow recommended,HOLD - electrical specification selected; qualify exact MPN,Agree factory setup extras; these columns are fitted quantities only,engineering selection; validate during prototype
"SW300, SW301, SW302, SW303, SW304, SW305",6,12,B3U-1000P,"Omron B3U 3.0x2.5mm, top-actuated 2-terminal SMD, no ground terminal or boss",Factory reflow recommended,Selected design candidate; footprint and release review pending,Agree factory setup extras; these columns are fitted quantities only,https://omronfs.omron.com/en_US/ecb/products/pdf/en-b3u.pdf
"U20, U21",2,4,IM69D128SV01XTMA1,"Infineon PG-TLGA-5-2, 3.50x2.65mm, bottom acoustic port",Factory reflow recommended,Selected design candidate; footprint and release review pending,Agree factory setup extras; these columns are fitted quantities only,https://www.infineon.com/assets/row/public/documents/24/49/infineon-im69d128s-datasheet-en.pdf
"R201, R202",2,4,100 ohm 1%,0805,Factory reflow recommended,HOLD - electrical specification selected; qualify exact MPN,Agree factory setup extras; these columns are fitted quantities only,Quipus engineering selection; see audio-design.md
"R203, R207, R210, R211",4,8,33 ohm 1%,0805,Factory reflow recommended,HOLD - electrical specification selected; qualify exact MPN,Agree factory setup extras; these columns are fitted quantities only,Quipus engineering selection; see audio-design.md
R204,1,2,0 ohm,0805,Factory reflow recommended,HOLD - electrical specification selected; qualify exact MPN,Agree factory setup extras; these columns are fitted quantities only,Quipus engineering selection; see audio-design.md
"C200, C202",2,4,1uF X7R 10V,0805,Factory reflow recommended,HOLD - electrical specification selected; qualify exact MPN,Agree factory setup extras; these columns are fitted quantities only,Quipus engineering selection; see audio-design.md
"C201, C203, C205",3,6,100nF X7R 10V,0805,Factory reflow recommended,HOLD - electrical specification selected; qualify exact MPN,Agree factory setup extras; these columns are fitted quantities only,Quipus engineering selection; see audio-design.md
C204,1,2,4.7uF X7R 10V,0805,Factory reflow recommended,HOLD - electrical specification selected; qualify exact MPN,Agree factory setup extras; these columns are fitted quantities only,Quipus engineering selection; see audio-design.md
U22,1,2,MAX98357AETE+,TQFN16 3x3mm exposed-pad T1633+4; 21-0136/90-0031,Factory reflow recommended,Selected design candidate; footprint and release review pending,Agree factory setup extras; these columns are fitted quantities only,https://www.analog.com/media/en/technical-documentation/data-sheets/max98357a-max98357b.pdf
"R208, R209",2,4,100k 1%,0805,Factory reflow recommended,HOLD - electrical specification selected; qualify exact MPN,Agree factory setup extras; these columns are fitted quantities only,Quipus engineering selection; see audio-design.md
C206,1,2,10uF X7R 10V,0805,Factory reflow recommended,HOLD - electrical specification selected; qualify exact MPN,Agree factory setup extras; these columns are fitted quantities only,Quipus engineering selection; see audio-design.md
C207,0,0,47uF X7R 10V DNP,1210,Do not populate,DNP - decision pending; do not buy for normal assembly,Agree factory setup extras; these columns are fitted quantities only,Quipus engineering selection; see audio-design.md
J5,1,2,SM02B-SRSS-TB,JST SH 1.0mm 1x2 right-angle SMD,Factory reflow recommended,Selected design candidate; footprint and release review pending,Agree factory setup extras; these columns are fitted quantities only,https://www.jst.com/products/crimp-style-connectors-wire-to-board-type/sh-connector
U23,1,2,TLV320ADC5140IRTWR,"TI RTW0024A WQFN24 4x4mm 0.5mm pitch, exposed ground pad 25",Factory reflow recommended,Selected design candidate; footprint and release review pending,Agree factory setup extras; these columns are fitted quantities only,https://www.ti.com/lit/ds/symlink/tlv320adc5140.pdf
U24,1,2,SN74LVC1G17DBVR,TI DBV0005A SOT-23-5,Factory reflow recommended,Selected design candidate; footprint and release review pending,Agree factory setup extras; these columns are fitted quantities only,https://www.ti.com/lit/gpn/sn74lvc1g17
FB220,1,2,BLM21PG221SN1D,0805,Factory reflow recommended,Selected design candidate; footprint and release review pending,Agree factory setup extras; these columns are fitted quantities only,https://www.murata.com/en-eu/api/pdfdownloadapi?cate=cgsubChipFerriBead&partno=BLM21PG221SN1D
"R220, R224",2,4,100k ohm 1% 0.125W,0805,Factory reflow recommended,HOLD - electrical specification selected; qualify exact MPN,Agree factory setup extras; these columns are fitted quantities only,Quipus engineering selection; see audio-design.md
"R221, R222, R223",3,6,33 ohm 1% 0.125W,0805,Factory reflow recommended,HOLD - electrical specification selected; qualify exact MPN,Agree factory setup extras; these columns are fitted quantities only,Quipus engineering selection; see audio-design.md
"C220, C233, C234, C238, C239",5,10,1uF X7R 25V,0805,Factory reflow recommended,HOLD - electrical specification selected; qualify exact MPN,Agree factory setup extras; these columns are fitted quantities only,Quipus engineering selection; see audio-design.md
"C221, C223, C225, C227, C229, C230, C232",7,14,100nF X7R 25V,0805,Factory reflow recommended,HOLD - electrical specification selected; qualify exact MPN,Agree factory setup extras; these columns are fitted quantities only,Quipus engineering selection; see audio-design.md
"C222, C224, C231",3,6,10uF X7R 16V,0805,Factory reflow recommended,HOLD - electrical specification selected; qualify exact MPN,Agree factory setup extras; these columns are fitted quantities only,Quipus engineering selection; see audio-design.md
"C226, C228",2,4,2.2uF X7R 16V,0805,Factory reflow recommended,HOLD - electrical specification selected; qualify exact MPN,Agree factory setup extras; these columns are fitted quantities only,Quipus engineering selection; see audio-design.md
"J8, J9",2,4,SJ1-3533NG,"Same Sky SJ1-3533NG, right-angle 3-pin through-hole TRS",Through-hole hand option after practice; factory also possible,Selected design candidate; footprint and release review pending,Agree factory setup extras; these columns are fitted quantities only,https://www.sameskydevices.com/product/resource/sj1-353xng.pdf
"R230, R235",2,4,2.2k ohm 1% 0.125W,0805,Factory reflow recommended,HOLD - electrical specification selected; qualify exact MPN,Agree factory setup extras; these columns are fitted quantities only,Quipus engineering selection; see audio-design.md
"R231, R232, R236, R237",4,8,100 ohm 1% 0.125W,0805,Factory reflow recommended,HOLD - electrical specification selected; qualify exact MPN,Agree factory setup extras; these columns are fitted quantities only,Quipus engineering selection; see audio-design.md
"C235, C236, C240, C241",4,8,100pF C0G 50V,0805,Factory reflow recommended,HOLD - electrical specification selected; qualify exact MPN,Agree factory setup extras; these columns are fitted quantities only,Quipus engineering selection; see audio-design.md
"D220, D221",2,4,TPD1E10B06DYAR,TI DYA0002A SOD-523,Factory reflow recommended,Selected design candidate; footprint and release review pending,Agree factory setup extras; these columns are fitted quantities only,https://www.ti.com/lit/ds/symlink/tpd1e10b06.pdf
